snippet_id,interview_id,role,question,text
S001,I01,Finance clerk (accounts payable),Walk me through your part of the expense process.,"I pick up claims after the supervisor signs off. I match every receipt total to the claim lines by hand, line by line, and type the totals into the payment file."
S002,I01,Finance clerk (accounts payable),What slows things down?,"Payment runs are Tuesdays and Thursdays only. If a claim is approved on Thursday afternoon, the person waits until next Tuesday for their money."
S003,I01,Finance clerk (accounts payable),What goes wrong most often?,"Half the receipts I see are phone photos taken at an angle or in bad light. I can't read the total, so I send it back."
S004,I01,Finance clerk (accounts payable),How do you find out what is allowed?,"When people ask me what's allowed I open the policy PDF myself, and honestly I'm not always sure which version is current."
S005,I01,Finance clerk (accounts payable),How do you know where a claim is?,People email me every week asking 'has my claim been paid?' I have to log in to two screens to find out.
S006,I01,Finance clerk (accounts payable),"Where could AI help, or not?","If a tool could read the receipt and tell the employee 'this total doesn't match' before it reaches me, that would remove most of my back-and-forth."
S007,I01,Finance clerk (accounts payable),Anything else?,"I worry about the same taxi receipt being claimed twice, once on paper and once as a photo. We only catch it if someone remembers."
S008,I02,Finance clerk (travel administration),Walk me through your part of the expense process.,"I'm the first check after submission. Most of my rejections are the same five things: missing receipt, over the hotel limit, wrong cost centre, late claim, alcohol on the bill."
S009,I02,Finance clerk (travel administration),What goes wrong most often?,"When I reject a claim, the system only gives me a short comment box, so people get 'see policy' and don't know what to fix."
S010,I02,Finance clerk (travel administration),What goes wrong most often?,"Arabic receipts from small cafeterias in Al Ain often have no VAT number and handwritten totals. I can't verify them, but they're genuine."
S011,I02,Finance clerk (travel administration),How do you find out what is allowed?,Staff ask me whether a client dinner is a meal allowance or entertainment. The policy uses both words and never defines them.
S012,I02,Finance clerk (travel administration),What slows things down?,"Once I send something back, it can sit with the employee for a week. Nobody reminds them."
S013,I02,Finance clerk (travel administration),How do you know where a claim is?,"I keep my own spreadsheet of claims I've queried, because the system doesn't show me which ones came back."
S014,I02,Finance clerk (travel administration),"Where could AI help, or not?","An AI that pre-checks claims is fine, as long as it doesn't reject anything on its own. I want the final say."
S015,I03,Finance team lead,What slows things down?,"Month-end is when it hurts: approved claims pile up and we pay them in one big run, so some people wait nearly two weeks."
S016,I03,Finance team lead,Walk me through your part of the expense process.,"My team spends a lot of time on low-value claims: a AED 30 parking ticket gets the same three checks as a AED 3,000 hotel bill."
S017,I03,Finance team lead,How do you know where a claim is?,"We have no dashboard. If the CFO asks how long reimbursements take, I export data and build a chart by hand."
S018,I03,Finance team lead,What goes wrong most often?,"Rejected claims are our biggest waste: the clerk checks it, sends it back, the employee fixes it, and we check it all again."
S019,I03,Finance team lead,What slows things down?,"Supervisors approve from their phones between meetings, and some only look at the queue on Fridays."
S020,I03,Finance team lead,"Where could AI help, or not?",If we use AI on claims I need to be able to explain every flag to an auditor. A black box is no good to me.
S021,I03,Finance team lead,How do you find out what is allowed?,The policy was last rewritten three years ago and the per diem table still has the old rates.
S022,I04,Budget owner (operations director),Walk me through your part of the expense process.,"I get approval emails in batches and I can't tell which ones are urgent, so I do them all at the end of the week."
S023,I04,Budget owner (operations director),How do you know where a claim is?,"I approve against my budget, but I can't see how much of it is already committed by claims still in the queue."
S024,I04,Budget owner (operations director),What goes wrong most often?,"Honestly, I often approve without opening the receipts. I trust the finance check before me."
S025,I04,Budget owner (operations director),What slows things down?,When I'm travelling myself the approvals just wait. There's no delegate set up.
S026,I04,Budget owner (operations director),"Where could AI help, or not?","A one-line summary (who, where, how much, anything unusual) would let me approve in seconds instead of opening four attachments."
S027,I04,Budget owner (operations director),"Where could AI help, or not?","I don't want a system that scores my team's honesty. Flag the claim, not the person."
S028,I05,Budget owner (sales director),Walk me through your part of the expense process.,"My team travels to Abu Dhabi twice a week. Each trip is a separate claim, so I approve maybe 40 small claims a month."
S029,I05,Budget owner (sales director),What goes wrong most often?,"Sales staff complain they're out of pocket for weeks. For a junior on a small salary, AED 2,000 of hotel costs is a lot to carry."
S030,I05,Budget owner (sales director),How do you find out what is allowed?,Nobody on my team really knows the entertainment limit. They guess and let finance decide.
S031,I05,Budget owner (sales director),What goes wrong most often?,A claim was sent back three times for the same missing receipt because each comment said something different.
S032,I05,Budget owner (sales director),Anything else?,I'd rather have corporate cards than better claim forms. Cards remove the cash problem completely.
S033,I05,Budget owner (sales director),"Where could AI help, or not?","If AI checks the receipts, I'd like it to also catch the claims that look fine but are charged to the wrong budget."
S034,I06,Supervisor (consulting manager),Walk me through your part of the expense process.,I'm the final approver for my 15 consultants. The notifications go to an inbox I barely check.
S035,I06,Supervisor (consulting manager),How do you find out what is allowed?,"When something looks odd, like a hotel at AED 900 a night, I have to email finance to ask whether it's allowed."
S036,I06,Supervisor (consulting manager),How do you know where a claim is?,Consultants ask me where their money is. I don't know; I only see that I approved it.
S037,I06,Supervisor (consulting manager),What goes wrong most often?,"Receipts in the claim are often a single PDF with ten pages, half of them booking confirmations, not receipts."
S038,I06,Supervisor (consulting manager),What goes wrong most often?,"Rejections at my level are rare; by the time I see a claim, finance has already sent it back once or twice."
S039,I06,Supervisor (consulting manager),"Where could AI help, or not?","An assistant that drafts the approval comment for me would save time, but I would still read the claim myself."
S040,I06,Supervisor (consulting manager),Anything else?,"We're a services firm, so every hour a consultant spends on admin is an hour not billed to a client."
S041,I07,Supervisor (projects),What slows things down?,My approvals are slow when I'm on site with no laptop. The mobile view doesn't show the attachments.
S042,I07,Supervisor (projects),How do you find out what is allowed?,I learn the rules only when a claim gets rejected. Nobody trained us when the policy changed.
S043,I07,Supervisor (projects),What goes wrong most often?,"Field staff lose paper receipts all the time: in the car, on site, in the rain."
S044,I07,Supervisor (projects),"Where could AI help, or not?",I'd like a reminder that tells me 'three claims have waited more than five days'. That alone would help.
S045,I07,Supervisor (projects),How do you know where a claim is?,"I approve, then the claim disappears into finance and I never hear about it again."
S046,I07,Supervisor (projects),Walk me through your part of the expense process.,Some of my engineers use their own cars. The mileage form is a separate spreadsheet they fill in by hand.
S047,I08,Traveller (field engineer),Walk me through your part of the expense process.,I do three or four site visits a week. Filling in the claim takes me longer than the trips deserve.
S048,I08,Traveller (field engineer),What goes wrong most often?,My last claim came back because the fuel receipt was in Arabic and the reviewer couldn't read it.
S049,I08,Traveller (field engineer),Anything else?,I've stopped claiming small things like parking. It's not worth the hassle.
S050,I08,Traveller (field engineer),How do you know where a claim is?,I submit and then hear nothing for two weeks unless I call finance.
S051,I08,Traveller (field engineer),How do you find out what is allowed?,Was I supposed to claim per diem for a day trip to Fujairah or not? I still don't know.
S052,I08,Traveller (field engineer),What slows things down?,"The money takes forever. I paid AED 1,400 for a hotel in September and got it back in October."
S053,I08,Traveller (field engineer),"Where could AI help, or not?","If an AI tells me before I submit that something's missing, great. If it reports me to my manager, no thanks."
S054,I09,"Traveller (sales consultant, travels weekly)",What slows things down?,"I travel weekly, so I'm always carrying about AED 3,000 of company costs on my own card."
S055,I09,"Traveller (sales consultant, travels weekly)",What goes wrong most often?,I scan receipts with my phone at the end of the week. Some are already faded; thermal paper doesn't last.
S056,I09,"Traveller (sales consultant, travels weekly)",What goes wrong most often?,Twice my claim was rejected for being late. Thirty days goes quickly when you travel every week.
S057,I09,"Traveller (sales consultant, travels weekly)",Walk me through your part of the expense process.,"I have to type every line from the receipt (date, vendor, amount) even though it's all on the photo I attach."
S058,I09,"Traveller (sales consultant, travels weekly)",How do you know where a claim is?,My manager approves fast but the budget owner sits on it. I can see it's 'pending' but not with whom.
S059,I09,"Traveller (sales consultant, travels weekly)",How do you find out what is allowed?,I'd use a bot to ask policy questions in Arabic. The policy is English only and some of us are more comfortable in Arabic.
S060,I09,"Traveller (sales consultant, travels weekly)","Where could AI help, or not?","I don't mind AI reading my receipts, but I want to know where that data goes."
S061,I10,"Traveller (new joiner, analyst)",How do you find out what is allowed?,In my first month I didn't know claims needed a cost centre. Nobody told me where to find it.
S062,I10,"Traveller (new joiner, analyst)",What goes wrong most often?,"My first claim was rejected twice, and both times the comment was 'incomplete'."
S063,I10,"Traveller (new joiner, analyst)",How do you find out what is allowed?,I didn't know if the hotel invoice counts as a receipt or if I needed the card slip as well.
S064,I10,"Traveller (new joiner, analyst)",How do you know where a claim is?,There's no notification when a claim moves. I refresh the page.
S065,I10,"Traveller (new joiner, analyst)",Walk me through your part of the expense process.,"I copied the details from my calendar into the form by hand, trip by trip."
S066,I10,"Traveller (new joiner, analyst)",What slows things down?,"Waiting three weeks for AED 600 isn't the end of the world, but it's annoying when you're new."
S067,I10,"Traveller (new joiner, analyst)","Where could AI help, or not?",A checklist that tells me what's missing before I press submit would have saved me two rejections.
S068,I11,IT (finance systems analyst),Walk me through your part of the expense process.,The claim module and the payment system don't talk to each other. Finance re-keys the approved totals.
S069,I11,IT (finance systems analyst),How do you know where a claim is?,"Status exists in the database, it's just not shown to employees. We could expose it, but it was never a priority."
S070,I11,IT (finance systems analyst),What goes wrong most often?,"Receipt images are stored as attachments with no text extracted, so nothing can search them."
S071,I11,IT (finance systems analyst),"Where could AI help, or not?",Any AI tool must stay inside our cloud tenancy in the UAE. Sending receipts to an outside service needs a privacy review.
S072,I11,IT (finance systems analyst),What slows things down?,"Approval reminders are possible in the current system, but they're switched off because people complained about spam."
S073,I11,IT (finance systems analyst),What goes wrong most often?,"Cost centres are typed as free text, so a third of claims need a finance clerk to fix the code by hand."
S074,I11,IT (finance systems analyst),"Where could AI help, or not?","If we build a pre-check, I'd want it to warn, never block. Blocking a submission creates support tickets for us."
S075,I12,Internal audit and compliance officer,Walk me through your part of the expense process.,Each quarter I sample 50 claims by hand. It takes me three days and covers less than 2% of claims.
S076,I12,Internal audit and compliance officer,What goes wrong most often?,"The worrying cases are duplicates and split bills: two claims of AED 1,900 to stay under the AED 2,000 pre-approval line."
S077,I12,Internal audit and compliance officer,How do you find out what is allowed?,"Rules are applied differently by different clerks. One accepts a card slip, another wants the itemised bill."
S078,I12,Internal audit and compliance officer,"Where could AI help, or not?","If an AI flags claims, it must keep a log of what it flagged and why, so we can audit the auditor."
S079,I12,Internal audit and compliance officer,What goes wrong most often?,Receipts arrive as photos of photos. I can't tell if one has been edited.
S080,I12,Internal audit and compliance officer,How do you know where a claim is?,"Rejection reasons aren't coded, so I can't tell management which rule causes most rework."
